timeStamp,blockNumber,blockReward
2017-04-02 07:35:14,3462296,5194770940000000000
2016-11-25 11:07:09,2691400,5086562212310617100
2016-11-24 20:20:52,2687700,5003251945421042780
2016-11-24 04:42:37,2683816,5001383656218938700
2016-11-23 10:37:52,2679545,5020577105778940320
2016-11-22 08:00:52,2672925,5036170186197654897
2016-11-22 05:49:16,2672392,5040843500234248393
2016-11-22 00:45:25,2671141,5006088055733760000
2016-11-20 23:04:17,2664645,5008800961000000000
2016-11-20 22:22:20,2664477,5014109439959925732
2016-11-20 08:31:08,2660846,5000000000000000000
2016-11-17 07:31:48,2642337,5004105076553280000
2016-11-17 04:01:20,2641419,5000000000000000000
2016-11-16 23:38:16,2640300,5023598697640000000
2016-11-16 21:48:27,2639848,5005179590280000000
2016-11-16 10:50:29,2637051,5002213960000000000
2016-11-16 04:49:41,2635543,5014593209013280000
2016-11-16 02:52:15,2635084,5029959474298725916
2016-11-15 11:51:32,2631348,5000000000000000000
2016-11-15 09:37:48,2630767,5003950697023093000
2016-11-15 01:09:13,2628591,5041163634527265335
2016-11-14 16:58:57,2626533,5043977462285845780
2016-11-14 10:06:46,2624792,5024064039594111238
2016-11-14 03:54:26,2623221,5162992739180923544
2016-11-14 03:43:17,2623178,5037531887125386230
2016-11-13 18:29:51,2620849,5001449820524157080
2016-11-13 16:45:19,2620401,5017784804505219936
2016-11-13 16:06:23,2620223,5016743452592193200
2016-11-13 13:46:54,2619602,5048257347055762800
2016-11-13 12:20:20,2619248,5015020109730860860
2016-11-13 03:09:52,2616908,5004965567064346903
2016-11-12 13:59:55,2613519,5312500000000000000
2016-11-12 06:22:25,2611583,5025140000000000000
2016-11-12 04:00:37,2610998,5003300160000000000
2016-11-11 19:40:41,2608964,5005775000000000000
2016-11-11 15:55:19,2608003,5014280513000000000
2016-11-11 05:53:32,2605458,5021600000000000000
2016-11-11 01:46:58,2604437,5016790784000000000
2016-11-10 16:40:22,2602203,5001050000000000000
2016-11-10 12:11:11,2601042,5000630000000000000
2016-11-09 20:48:05,2597278,5008721043000000000
2016-11-09 11:57:52,2595078,5000000000000000000
2016-11-09 11:12:24,2594874,5010360855000000000
2016-11-09 07:55:11,2594085,5000630000000000000
2016-11-08 13:05:46,2589303,5000000000000000000
2016-11-08 06:48:45,2587630,5000000000000000000
2016-11-08 06:14:32,2587492,5001601206408472790
2016-11-07 12:03:54,2582792,5001365501320122590
2016-11-07 11:57:12,2582768,5000000000000000000
2016-11-07 06:50:46,2581395,5000000000000000000
2016-11-06 22:20:13,2579198,5000000000000000000
2016-11-06 19:08:07,2578350,5000483000000000000
2016-11-06 11:43:43,2576465,5006452108349175690
2016-11-06 09:53:51,2575994,5002825220000000000
2016-11-05 18:17:30,2572117,5000000000000000000
2016-11-05 16:46:33,2571754,5001050000000000000
2016-11-05 15:15:31,2571378,5005182900000000000
2016-11-05 11:11:57,2570394,5005480530693425990
2016-11-05 10:43:59,2570289,5001260000000000000
2016-11-05 08:12:25,2569628,5006822799808940516
2016-11-05 07:28:16,2569427,5003461277779839662
2016-11-05 05:22:22,2568897,5000000000000000000
2016-11-05 05:16:41,2568870,5000000000000000000
2016-11-05 04:20:42,2568643,5000630000000000000
2016-11-05 02:29:01,2568175,5008917480000000000
2016-11-04 16:57:51,2565878,5157300000000000000
2016-11-04 15:29:46,2565499,5003463055555517390
2016-11-04 15:16:56,2565449,5000000000000000000
2016-11-03 16:57:45,2559919,5159235850000000000
2016-11-03 16:40:42,2559848,5019833328674076332
2016-11-03 16:24:04,2559789,5017437162283654730
2016-11-03 04:58:39,2556923,5001370514963904520
2016-11-02 22:38:13,2555381,5000000000000000000
2016-11-02 20:29:56,2554840,5000572500000000000
2016-11-02 16:06:17,2553732,5004149254000000000
2016-11-02 09:46:16,2552154,5007490760224892420
2016-11-02 07:58:19,2551689,5000525000000000000
2016-11-02 07:30:15,2551566,5005249234452762580
2016-11-02 06:25:02,2551317,5007174489283419002
2016-11-01 21:10:29,2549087,5000630696828489000
2016-11-01 19:49:50,2548741,5171767179995700000
2016-11-01 07:46:24,2545814,5004573292002100000
2016-10-30 21:23:54,2537178,5001890000000000000
2016-10-30 16:46:27,2535977,5000000000000000000
2016-10-30 14:16:32,2535314,5028022219859376171
2016-10-30 11:23:37,2534558,5000000000000000000
2016-10-30 10:26:45,2534345,5000000000000000000
2016-10-29 08:51:10,2528144,5013512613018051300
2016-10-28 03:00:53,2520876,5003871536553332000
2016-10-28 01:01:45,2520416,5002523635000000000
2016-10-27 20:55:21,2519399,5000915767999916000
2016-10-27 12:35:09,2517315,5001421546380968000
2016-10-27 01:44:27,2514582,5013509399823209520
2016-10-27 01:17:31,2514472,5000449797501356000
2016-10-27 00:26:47,2514254,5001365000000000000
2016-10-26 15:54:22,2512085,5021645534869117867
2016-10-26 09:19:21,2510433,5029964141803944908
2016-10-26 03:26:41,2508900,5004643569479670000
2016-10-26 02:55:00,2508774,5005739467000000000
2016-10-25 12:37:44,2505211,5066516880499707690
2016-10-24 21:48:03,2501481,5001641797640000000
2016-10-24 16:39:11,2500177,5004619996640000000
2016-10-23 22:38:16,2495616,5006917755000000000
2016-10-23 20:19:07,2495074,5008952366000000000
2016-10-18 04:31:09,2460759,5184135480000379680
2016-10-17 06:38:21,2455298,5028066656000442896
2016-10-15 06:36:27,2443299,5031265636259510680
2016-10-14 19:42:59,2440501,5029062366734978816
2016-10-14 00:54:16,2435754,5023131354433644552
2016-10-13 06:24:21,2430910,5145512000001455120
2016-10-12 00:13:38,2423551,5022372433101073160
2016-10-11 03:26:16,2418301,5012184040000063000
2016-10-11 00:14:25,2417505,5002843334412082150
2016-10-10 08:27:16,2413478,5007777228837360000
2016-10-09 20:09:40,2410463,5011872657653628450
2016-10-09 19:00:42,2410164,5001437165362325000
2016-10-09 01:00:59,2405606,5011811587818979460
2016-10-06 21:21:02,2392678,5003315259518338000
2016-10-06 14:55:06,2391213,5017803544536933327
2016-10-06 12:18:10,2390551,5002331360000000000
2016-10-06 03:04:32,2388155,5021950029636876631
2016-10-05 15:27:39,2385168,5015416679617574648
2016-10-05 06:50:39,2383114,5032257309509019648
2016-10-04 12:39:46,2378627,5012318230000000000
2016-10-04 05:04:19,2376748,5028389480000000000
2016-10-03 04:15:52,2370367,5037460501219614987
2016-09-30 20:34:29,2356546,5001890000000000000
2016-09-30 04:53:21,2352532,5000855258931716000
2016-09-29 13:36:23,2348721,5028444680000000000
2016-09-28 14:52:06,2342964,5030963036243736950
2016-09-28 09:32:20,2341603,5040560529323355825
2016-09-28 03:54:22,2340163,5001736278561689000
2016-09-28 02:59:44,2339948,5019186360032052000
2016-09-27 19:52:40,2338020,5004221000000000000
2016-09-27 18:06:34,2337530,5000000000000000000
2016-09-27 02:45:07,2333705,5188218214939732420
2016-09-26 18:53:05,2331700,5231547706315805463
2016-09-26 07:55:51,2329070,5053225906191688560
2016-09-25 21:51:32,2326710,5009470490000000000
2016-09-25 17:13:49,2325445,5005175600000000000
2016-09-25 14:24:16,2324675,5006948075986606065
2016-09-25 07:14:34,2322830,5004206739021502000
2016-09-24 21:46:15,2320419,5030058185503057625
2016-09-24 15:34:54,2318961,5043935284450552884
2016-09-24 14:17:28,2318635,5042182898019183020
2016-09-24 09:01:22,2317360,5046331167371840000
2016-09-24 03:44:13,2316015,5036066176396523119
2016-09-23 23:24:07,2314930,5009176265458626900
2016-09-23 23:03:36,2314848,5006244175800548000
2016-09-23 14:44:06,2312706,5035686586989925784
2016-09-22 08:15:25,2305218,5006710246000000000
2016-09-22 07:12:53,2304949,5003876280000000000
2016-09-22 06:33:59,2304767,5003201602000000000
2016-09-22 06:26:00,2304728,5004126320000000000
2016-09-22 02:58:28,2303861,5001701000000000000
2016-09-22 02:42:36,2303789,5163032160000000000
2016-09-21 20:43:27,2302278,5003678560000000000
2016-09-20 23:08:29,2296831,5001260000000000000
2016-09-20 20:12:46,2296080,5001094000000000000
2016-09-20 05:34:54,2292392,5001260000000000000
2016-09-20 03:21:51,2291776,5001913000000000000
2016-09-18 22:54:35,2284230,5000000000000000000
2016-09-18 15:53:12,2282903,5001528300000000000
2016-09-18 06:50:56,2280609,5009290300000000000
2016-09-18 03:09:42,2279688,5002359858000000000
2016-09-18 03:07:56,2279678,5011771700000000000
2016-09-17 22:37:55,2278548,5000000000000000000
2016-09-17 20:03:50,2277912,5003939480000000000
2016-09-17 19:09:05,2277663,5001680000000000000
2016-09-17 15:10:28,2276669,5020551960000000000
2016-09-17 13:30:30,2276276,5007634960000000000
2016-09-17 04:21:14,2273966,5003498221000000000
2016-09-16 19:26:14,2271685,5002672370000000000
2016-09-16 04:12:17,2267811,5000724680000000000
2016-09-15 07:53:10,2262715,5035881563000000000
2016-09-15 00:17:49,2260820,5000000000000000000
2016-09-14 17:50:14,2259179,5000000000000000000
2016-09-14 15:11:10,2258504,5003195320000000000
2016-09-14 05:33:47,2256117,5000420000000000000
2016-09-14 02:58:12,2255423,5013637400000000000
2016-09-13 10:31:27,2251299,5016888260000000000
2016-09-13 00:59:34,2248919,5000659601127122000
2016-09-13 00:54:25,2248905,5000000000000000000
2016-09-12 23:49:25,2248608,5000420000000000000
2016-09-12 19:40:13,2247555,5000000000000000000
2016-09-12 14:35:12,2246236,5000000000000000000
2016-09-12 08:13:19,2244635,5006190085643021000
2016-09-12 02:18:36,2243162,5000000000000000000
2016-09-11 10:57:09,2239286,5021260000000000000
2016-09-11 03:04:50,2237280,5007152200000000000
2016-09-09 11:36:21,2227309,5000000000000000000
2016-09-09 04:16:10,2225453,5000000000000000000
2016-09-09 01:44:33,2224847,5000000000000000000
2016-09-08 22:32:23,2224042,5013108500000000000
2016-09-08 16:48:09,2222583,5000000000000000000
2016-09-08 08:08:37,2220423,5000441000000000000
2016-09-08 06:32:36,2220026,5017509779763513576
2016-09-07 18:40:55,2217075,5000480312000000000
2016-09-07 12:53:34,2215575,5000441000000000000
2016-09-07 06:07:20,2213851,5000000000000000000
2016-09-07 00:54:15,2212522,5000630000000000000
2016-09-06 16:49:56,2210513,5000955080000000000
2016-09-06 14:58:49,2210025,5000000000000000000
2016-09-06 13:39:23,2209715,5000000000000000000
2016-09-06 12:18:08,2209399,5000000000000000000
2016-09-06 10:24:32,2208901,5003156100000000000
2016-09-06 04:43:01,2207485,5000000000000000000
2016-09-05 17:24:40,2204633,5014612400000000000
2016-09-05 13:27:30,2203646,5000000000000000000
2016-09-05 12:49:33,2203499,5000441000000000000
2016-09-05 06:56:04,2202007,5000000000000000000
2016-09-04 08:05:55,2196184,5002842304484253750
2016-09-04 04:16:42,2195244,5001747800000000000
2016-09-03 10:40:48,2190844,5007924480000000000
2016-09-03 09:21:49,2190544,5001281000000000000
2016-09-03 04:49:54,2189418,5000000000000000000
2016-09-02 17:12:24,2186500,5005481000000000000
2016-09-02 16:24:23,2186302,5003050440000000000
2016-09-02 15:46:06,2186160,5004045580000000000
2016-09-02 15:38:59,2186136,5002693100000000000
2016-09-02 00:12:33,2182213,5174431420000000000
2016-09-01 15:52:58,2180140,5000841600000000000
2016-09-01 04:04:03,2177178,5004512942000000000
2016-08-31 22:18:56,2175747,5007563844321389568
2016-08-30 22:11:55,2169646,5000000000000000000
2016-08-30 09:56:51,2166597,5000000000000000000
2016-08-30 03:01:15,2164847,5157123900000000000
2016-08-30 01:56:51,2164571,5004369500000000000
2016-08-30 00:35:00,2164212,5156250000000000000
2016-08-29 19:02:00,2162804,5000000000000000000
2016-08-29 17:20:35,2162388,5008739000000000000
2016-08-29 09:37:00,2160454,5000000000000000000
2016-08-29 06:03:44,2159559,5000000000000000000
2016-08-29 02:16:12,2158645,5313296810189902050
2016-08-29 01:09:21,2158362,5000630000000000000
2016-08-27 22:33:12,2151645,5000000000000000000
2016-08-27 20:20:34,2151061,5000000000000000000
2016-08-27 10:36:14,2148610,5017067551991738840
2016-08-27 01:09:57,2146233,5000000000000000000
2016-08-26 13:32:32,2143379,5000000000000000000
2016-08-26 11:34:46,2142866,5001050000000000000
2016-08-26 03:35:09,2140854,5000630000000000000
2016-08-25 15:19:36,2137712,5000000000000000000
2016-08-25 09:14:35,2136144,5000000000000000000
2016-08-25 04:14:47,2134917,5000000000000000000
2016-08-25 01:01:33,2134103,5000000000000000000
2016-08-24 15:43:51,2131746,5000000000000000000
2016-08-24 05:34:26,2129211,5003495600000000000
2016-08-23 23:37:19,2127704,5003231220000000000
2016-08-23 12:55:58,2125008,5001714720000000000
2016-08-23 11:30:33,2124642,5157930000000000000
2016-08-23 08:39:30,2123919,5000000000000000000
2016-08-23 07:40:59,2123683,5056414679008361680
2016-08-22 21:21:20,2121114,5000000000000000000
2016-08-22 14:39:14,2119399,5006524280000000000
2016-08-22 04:11:28,2116741,5006241650134341050
2016-08-21 07:30:04,2111536,5003162040000000000
2016-08-20 08:28:56,2105747,5004541040000000000
2016-08-20 05:01:21,2104840,5156250000000000000
2016-08-20 03:17:56,2104413,5002660500000000000
2016-08-20 02:04:00,2104100,5044465272595540681
2016-08-19 22:15:23,2103131,5015622920000000000
2016-08-19 18:41:55,2102228,5010963000000000000
2016-08-19 15:59:15,2101549,5166842077000000000
2016-08-19 08:30:07,2099652,5001680000000000000
2016-08-19 01:32:33,2097969,5002926100000000000
2016-08-18 17:30:34,2095866,5003982781000000000
2016-08-18 01:19:18,2091771,5010194760000000000
2016-08-17 22:50:35,2091152,5000000000000000000
2016-08-17 19:41:42,2090369,5000000000000000000
2016-08-17 11:48:13,2088359,5000420000000000000
2016-08-17 06:49:57,2087126,5025091940000000000
2016-08-16 12:26:47,2082510,5004302420000000000
2016-08-15 22:32:41,2079001,5000000000000000000
2016-08-15 21:02:33,2078600,5019917480000000000
2016-08-15 07:03:38,2075026,5001745580000000000
2016-08-15 03:00:38,2074029,5003536720000000000
2016-08-14 23:56:09,2073273,5001680000000000000
2016-08-14 10:13:43,2069816,5007998480000000000
2016-08-14 04:53:37,2068470,5000000000000000000
2016-08-13 15:13:37,2065041,5000000000000000000
2016-08-13 14:00:07,2064733,5005978400000000000
2016-08-13 12:01:18,2064222,5003997680000000000
2016-08-13 06:52:23,2062957,5000420000000000000
2016-08-13 01:52:53,2061727,5006283240000000000
2016-08-12 18:08:59,2059776,5001862620000000000
2016-08-12 13:43:01,2058654,5099899622012610173
2016-08-12 06:43:10,2056886,5044017461000000000
2016-08-12 04:38:43,2056370,5000676414200000000
2016-08-12 03:15:34,2056035,5008597080000000000
2016-08-12 01:55:42,2055693,5157300000000000000
2016-08-11 20:35:45,2054358,5005117180000000000
2016-08-11 19:39:04,2054127,5000000000000000000
2016-08-11 13:53:52,2052658,5000841600000000000
2016-08-10 23:07:41,2048916,5000420000000000000
2016-08-10 18:19:17,2047738,5003383000000000000
2016-08-09 03:50:11,2037917,5156250000000000000
2016-08-09 01:00:37,2037214,5004251140000000000
2016-08-09 00:46:46,2037154,5002520000000000000
2016-08-08 21:57:51,2036449,5006337120000000000
2016-08-08 20:33:50,2036107,5000573842102000000
2016-08-08 18:31:13,2035607,5044221720000000000
2016-08-08 07:39:51,2032846,5090249540000000000
2016-08-08 06:49:22,2032626,5000420000000000000
2016-08-07 16:18:59,2029002,5156670000000000000
2016-08-07 04:51:26,2026051,5002940000000000000
2016-08-07 01:10:53,2025114,5007448050000000000
2016-08-06 16:03:34,2022811,5023358160000000000
2016-08-06 13:33:55,2022208,5005964880000000000
2016-08-06 09:28:18,2021176,5000420000000000000
2016-08-06 04:35:48,2020018,5000420000000000000
2016-08-05 21:47:15,2018292,5156852620000000000
2016-08-05 21:17:12,2018157,5001260000000000000
2016-08-05 13:17:20,2016125,5000000000000000000
2016-08-04 17:55:28,2011221,5000420000000000000
2016-08-04 16:30:34,2010863,5000000000000000000
2016-08-04 16:00:22,2010724,5000840000000000000
2016-08-04 05:26:53,2008032,5002100000000000000
2016-08-04 00:51:53,2006822,5175012360000000000
2016-08-01 04:15:42,1989809,5005062600000000000
2016-08-01 01:15:53,1989064,5005947540000000000
2016-07-31 09:30:59,1985114,5001260000000000000
2016-07-31 05:38:54,1984156,5000420000000000000
2016-07-31 03:04:23,1983465,5001680000000000000
2016-07-31 01:16:38,1983031,5016313280000000000
2016-07-30 20:51:07,1981929,5009144700000000000
2016-07-30 16:59:48,1980978,5001260000000000000
2016-07-30 09:28:54,1979059,5001051220000000000
2016-07-29 21:30:03,1976131,5003990000000000000
2016-07-29 10:35:34,1973343,5004060781000000000
2016-07-29 10:08:22,1973205,5001719420000000000
2016-07-29 10:00:07,1973167,5000000000000000000
2016-07-29 05:11:44,1972013,5000420000000000000
2016-07-28 21:08:17,1970042,5042054420000000000
2016-07-28 15:24:18,1968579,5164898460000000000
2016-07-28 09:42:42,1967122,5000000000000000000
2016-07-28 07:59:32,1966660,5002100000000000000
2016-07-27 22:45:45,1964356,5000420000000000000
2016-07-26 06:14:32,1954268,5002416974000000000
2016-07-26 00:35:18,1952849,5002846250000000000
2016-07-25 19:06:46,1951460,5002973900000000000
2016-07-25 16:14:05,1950730,5002941500000000000
2016-07-25 12:24:46,1949770,5000000000000000000
2016-07-24 03:42:46,1941673,5000000000000000000
2016-07-23 00:27:26,1934754,5011181980000000000
2016-07-22 14:30:29,1932259,5092435937918392700
2016-07-22 08:32:53,1930763,5007061860000000000
2016-07-21 15:13:39,1926438,5009042240000000000
2016-07-21 09:58:04,1925074,5000000000000000000
2016-07-21 05:11:52,1923868,5000423819689265000
2016-07-21 04:51:21,1923798,5001299420000000000
2016-07-21 01:37:00,1922946,5000000000000000000
2016-07-20 20:53:36,1921740,5002005080000000000
2016-07-20 20:23:10,1921610,5005110515500000000
2016-07-20 12:01:30,1919628,5002978000000000000
2016-07-20 11:12:09,1919407,5000437704529997000
2016-07-19 21:30:13,1915915,5010082880000000000
2016-07-19 02:07:55,1911124,5000840000000000000
2016-07-18 23:37:23,1910523,5157090000000000000
2016-07-18 21:42:03,1910038,5002172240000000000
2016-07-18 21:08:16,1909895,5000840000000000000
2016-07-18 12:49:19,1907773,5003780000000000000
2016-07-18 12:29:03,1907673,5004509800000000000
2016-07-18 08:03:28,1906506,5001885717215984000
2016-07-18 04:41:58,1905666,5000000000000000000
2016-07-18 02:26:20,1905132,5001298000000000000
2016-07-18 00:14:13,1904565,5002520000000000000
2016-07-17 06:40:27,1900173,5156250000000000000
2016-07-17 04:17:17,1899552,5001680000000000000
2016-07-17 01:08:02,1898738,5000420000000000000
2016-07-15 22:48:18,1892079,5001050000000000000
2016-07-15 18:38:51,1891057,5002100000000000000
2016-07-15 14:15:34,1889975,5000420000000000000
2016-07-15 11:54:33,1889402,5002100000000000000
2016-07-15 00:17:18,1886469,5005534500000000000
2016-07-14 01:04:52,1880668,5005490566500000000
2016-07-13 21:04:00,1879688,5001260000000000000
2016-07-13 13:56:32,1877866,5001680000000000000
2016-07-12 23:54:09,1874295,5009870000000000000
2016-07-12 19:15:26,1873166,5003171000000000000
2016-07-12 17:32:32,1872722,5002005560000000000
2016-07-12 16:17:25,1872421,5048222320000000000
2016-07-12 10:07:27,1870873,5012512400000000000
2016-07-12 07:07:23,1870146,5002124200000000000
2016-07-11 22:03:06,1867828,5000840000000000000
2016-07-11 20:47:01,1867514,5000000000000000000
2016-07-11 14:25:24,1865886,5000783080000000000
2016-07-10 17:21:38,1860567,5000000000000000000
2016-07-10 09:21:49,1858546,5012758600000000000
2016-07-10 05:33:44,1857604,5000840000000000000
2016-07-09 06:33:18,1851740,5014654337646184508
2016-07-08 16:47:47,1848357,5019601720000000000
2016-07-08 15:04:58,1847934,5002520000000000000
2016-07-08 11:25:51,1846984,5000420000000000000
2016-07-08 04:23:21,1845222,5004112280000000000
2016-07-07 21:24:19,1843470,5266160690143226373
2016-07-07 20:04:39,1843163,5000000000000000000
2016-07-07 11:46:17,1841001,5002015580000000000
2016-07-06 23:16:56,1837886,5002940000000000000
2016-07-06 23:09:07,1837857,5011694420000000000
2016-07-06 22:06:24,1837597,5156250000000000000
2016-07-06 19:23:31,1836886,5000000000000000000
2016-07-06 18:14:33,1836582,5000448460000000000
2016-07-06 07:36:24,1833920,5000000000000000000
2016-07-06 07:27:03,1833883,5005170140000000000
2016-07-06 06:16:36,1833577,5000000000000000000
2016-07-05 19:42:06,1830910,5258316871876969736
2016-07-05 17:19:28,1830383,5001260000000000000
2016-07-05 15:19:41,1829944,5002940000000000000
2016-07-05 14:26:23,1829676,5004707904799789360
2016-07-05 13:37:02,1829462,5011647822000000000
2016-07-05 09:54:56,1828508,5000000000000000000
2016-07-05 05:54:06,1827542,5021656229000000000
2016-07-04 23:11:25,1825840,5000840000000000000
2016-07-04 18:48:08,1824745,5004123581000000000
2016-07-04 16:03:41,1824001,5001470000000000000
2016-07-04 14:26:15,1823568,5002520000000000000
2016-07-04 11:55:39,1822930,5000420000000000000
2016-07-04 04:31:26,1821096,5002520000000000000
2016-07-04 03:39:24,1820880,5000000000000000000
2016-07-03 23:11:58,1819766,5000420000000000000
2016-07-03 18:31:36,1818620,5000000000000000000
2016-07-03 06:29:45,1815558,5000840000000000000
2016-07-03 06:22:12,1815523,5000000000000000000
2016-07-02 21:48:31,1813366,5000840000000000000
2016-07-02 16:12:33,1811977,5001260000000000000
2016-07-02 15:30:35,1811790,5002100000000000000
2016-07-02 15:06:49,1811695,5006010140000000000
2016-07-02 08:38:46,1810057,5005618600000000000
2016-07-02 04:29:57,1809063,5000000000000000000
2016-07-02 00:07:17,1807955,5009045560000000000
2016-07-01 23:46:38,1807866,5000000000000000000
2016-07-01 14:41:55,1805573,5088422640000000000
2016-07-01 09:03:25,1804137,5002100000000000000
2016-07-01 08:42:37,1804056,5000840000000000000
2016-07-01 06:23:52,1803435,5001260000000000000
2016-06-30 15:19:02,1799662,5011878820000000000
2016-06-30 09:47:07,1798276,5004698065009573000
2016-06-30 08:43:51,1798014,5023918520000000000
2016-06-30 02:48:22,1796502,5014991001996644806
2016-06-29 23:35:27,1795711,5011416080000000000
2016-06-29 23:07:58,1795611,5009932038879112942
2016-06-29 18:50:38,1794519,5003476840000000000
2016-06-24 08:35:02,1761744,5000441000000000000
2016-06-16 02:28:12,1712153,5028581000000000000
2016-06-16 02:22:12,1712127,5010559500000000000
2016-06-15 23:56:12,1711534,5014736422000000000
2016-06-15 18:54:29,1710278,5002961000000000000
2016-06-15 18:11:38,1710108,5001909425000000000
2016-06-14 21:58:25,1704991,5000000000000000000
2016-06-14 20:11:46,1704535,5001708460000000000
2016-06-14 18:18:50,1704050,5000420000000000000
2016-06-14 14:44:17,1703174,5044790580000000000
2016-06-14 09:31:58,1701874,5001869220000000000
2016-06-13 17:48:31,1697949,5004871522000000000
2016-06-13 16:35:11,1697621,5001708460000000000
2016-06-13 15:48:41,1697436,5011525710000000000
2016-06-13 15:07:11,1697255,5002541000000000000
2016-06-13 14:52:42,1697202,5000000000000000000
2016-06-13 12:52:16,1696681,5000000000000000000
2016-06-12 16:33:03,1691527,5000000000000000000
2016-06-11 11:20:21,1684141,5010608561000000000
2016-06-11 05:30:29,1682682,5002520000000000000
2016-06-11 01:06:22,1681524,5006930000000000000
2016-06-10 04:12:20,1676371,5156698460000000000
2016-06-09 20:53:48,1674556,5001256280000000000
2016-06-09 18:52:31,1674047,5034304239510922664
2016-06-09 12:48:05,1672514,5157930000000000000
2016-06-09 06:17:52,1670861,5002100000000000000
2016-06-08 21:30:23,1668610,5000420000000000000
2016-06-08 15:00:07,1666934,5004219900000000000
2016-06-08 11:28:02,1666031,5157090000000000000
2016-06-08 04:34:28,1664327,5000840000000000000
2016-06-08 02:36:27,1663835,5000000000000000000
2016-06-07 22:46:12,1662853,5000000000000000000
2016-06-07 21:40:10,1662602,5005170140000000000
2016-06-07 01:08:48,1657458,5000840000000000000
2016-06-07 00:00:46,1657167,5037828479510922664
2016-06-06 18:49:40,1655860,5005481000000000000
2016-06-06 14:32:33,1654764,5001298000000000000
2016-06-06 11:14:47,1653940,5157930000000000000
2016-06-06 08:52:47,1653312,5008527604000000000
2016-06-06 06:27:07,1652689,5007140000000000000
2016-06-06 02:44:13,1651709,5000000000000000000
2016-06-05 20:43:38,1650245,5157091600000000000
2016-06-05 11:30:50,1647991,5004771800000000000
2016-06-05 05:54:21,1646602,5003837800000000000
2016-06-05 00:25:48,1645204,5002808560000000000
2016-06-04 19:54:47,1644068,5003783560000000000
2016-06-04 18:03:22,1643610,5000000000000000000
2016-06-03 14:46:57,1636769,5001298000000000000
2016-06-03 14:04:26,1636589,5000462106789011000
2016-06-03 11:50:54,1636023,5000000000000000000
2016-06-03 08:08:43,1635106,5011788460000000000
2016-06-03 02:55:03,1633791,5009936914000000000
2016-06-03 02:46:36,1633757,5000000000000000000
2016-06-02 11:59:03,1629949,5001050000000000000
2016-06-02 03:20:47,1627807,5005888000000000000
2016-06-02 00:53:24,1627196,5156250000000000000
2016-06-01 17:07:55,1625278,5001050000000000000
2016-06-01 16:44:04,1625168,5000000000000000000
2016-06-01 09:18:51,1623286,5000000000000000000
2016-06-01 07:52:16,1622911,5002009380108800000
2016-06-01 04:37:24,1622087,5008317956500000000
2016-05-31 22:09:05,1620486,5001680000000000000
2016-05-30 15:23:56,1612841,5001260000000000000
2016-05-29 23:10:12,1608805,5001293660000000000
2016-05-29 19:41:57,1607930,5000000000000000000
2016-05-29 14:03:54,1606514,5212645918804117462
2016-05-29 06:10:48,1604562,5174225218000000000
2016-05-29 01:20:54,1603323,5000420000000000000
2016-05-29 00:56:43,1603240,5002310000000000000
2016-05-28 20:05:56,1601974,5001539304288179000
2016-05-28 14:48:56,1600671,5001050000000000000
2016-05-28 12:03:22,1599944,5008605520000000000
2016-05-28 03:48:34,1597945,5001826880000000000
2016-05-28 02:06:46,1597517,5003076648098076730
2016-05-27 12:52:55,1594173,5000420000000000000
2016-05-27 09:31:40,1593323,5034511360000000000
2016-05-27 07:58:54,1592919,5000000000000000000
2016-05-27 04:32:19,1592038,5002100000000000000
2016-05-26 21:19:24,1590264,5002641710000000000
2016-05-26 21:13:09,1590235,5000861000000000000
2016-05-26 20:32:18,1590058,5001680000000000000
2016-05-26 16:46:19,1589121,5000630000000000000
2016-05-26 08:18:15,1587022,5011740060000000000
2016-05-26 05:25:36,1586276,5005040000000000000
2016-05-25 13:48:55,1582339,5002538438000000000
2016-05-25 10:29:11,1581507,5002100000000000000
2016-05-24 11:56:56,1575872,5005070878000000000
2016-05-24 01:39:57,1573311,5001050000000000000
2016-05-23 23:29:27,1572743,5158752780000000000
2016-05-23 22:45:08,1572543,5000420000000000000
2016-05-23 12:51:06,1570076,5158770000000000000
2016-05-23 09:45:07,1569278,5009030000000000000
2016-05-23 07:30:07,1568737,5000000000000000000
2016-05-23 07:01:06,1568614,5004200000000000000
2016-05-22 22:12:45,1566403,5000000000000000000
2016-05-22 15:01:23,1564617,5000840000000000000
2016-05-22 13:42:23,1564288,5000840000000000000
2016-05-22 08:29:40,1562897,5004200000000042000
2016-05-21 11:15:45,1557637,5003063780000000000
2016-05-21 07:29:27,1556710,5024932060000000000
2016-05-21 06:43:44,1556520,5001680000000000000
2016-05-21 01:47:52,1555278,5001922240000000000
2016-05-20 23:03:40,1554572,5002669500000000000
2016-05-20 22:34:15,1554468,5000420000000000000
2016-05-20 15:27:43,1552626,5000420000000000000
2016-05-20 11:05:22,1551556,5007813560000000000
2016-05-19 22:47:18,1548483,5001221818181801000
2016-05-19 16:34:29,1546920,5312920000000000000
2016-05-19 14:02:51,1546276,5246909927402007572
2016-05-19 06:45:08,1544444,5003150000000000000
2016-05-19 03:36:36,1543644,5011340000000000000
2016-05-19 03:15:43,1543560,5002699200000000000
2016-05-19 03:04:26,1543513,5000000000000000000
2016-05-19 00:18:47,1542822,5001938010000000000
2016-05-18 22:03:42,1542234,5010410000000000000
2016-05-18 20:43:17,1541912,5005670000000000000
2016-05-18 20:08:26,1541754,5006791780000000000
2016-05-18 14:28:35,1540287,5000000000000000000
2016-05-18 09:14:25,1538986,5164753000000000000
2016-05-18 05:49:08,1538128,5000420000000000000
2016-05-18 05:19:38,1538000,5011592020000000000
2016-05-18 03:38:47,1537604,5014576498181801000
2016-05-17 19:56:21,1535613,5000840000000000000
2016-05-17 18:49:23,1535349,5000000000000000000
2016-05-17 18:03:39,1535148,5005460000000000000
2016-05-17 16:23:20,1534719,5000420000000000000
2016-05-17 16:15:39,1534679,5078481632000000000
2016-05-17 15:11:30,1534413,5158770000000000000
2016-05-17 05:48:42,1532051,5000000000000000000
2016-05-17 02:14:44,1531178,5000420000000000000
2016-05-16 21:25:06,1530016,5004679000000000000
2016-05-16 20:06:32,1529675,5003111818181801000
2016-05-15 19:57:33,1523680,5003990000000000000
2016-05-15 19:31:34,1523576,5003990000000000000
2016-05-15 17:38:53,1523086,5002100000000000000
2016-05-15 17:32:25,1523065,5002100000000000000
2016-05-15 15:15:21,1522463,5002965200000000000
2016-05-15 11:34:52,1521516,5000000000000000000
2016-05-14 22:25:21,1518217,5000420000000000000
2016-05-14 10:43:28,1515339,5003165200000000000
2016-05-14 02:46:59,1513381,5005884011000000000
2016-05-13 15:37:11,1510579,5002589532662000000
2016-05-13 11:54:37,1509623,5000420000000000000
2016-05-13 00:58:52,1506853,5000420000000000000
2016-05-12 21:42:41,1506035,5000420000000000000
2016-05-12 20:45:16,1505792,5002573660000000000
2016-05-12 18:57:07,1505347,5161542600000000000
2016-05-12 17:29:33,1504982,5012752122562000000
2016-05-12 15:41:30,1504537,5159861820000000000
2016-05-12 11:02:13,1503297,5158555320000000000
2016-05-12 10:36:59,1503182,5019027140000000000
2016-05-12 07:55:45,1502437,5005575314200000000
2016-05-12 02:49:22,1501204,5157090000000000000
2016-05-11 22:08:15,1500067,5000420000000000000
2016-05-11 21:21:23,1499899,5005965911000000000
2016-05-11 09:20:10,1496826,5007066840000000000
2016-05-11 06:01:32,1496067,5002100000000000000
2016-05-11 00:37:20,1494759,5007426000000000000
2016-05-10 17:34:40,1492992,5002664638462015220
2016-05-10 07:34:45,1490495,5002100000000000000
2016-05-10 05:26:17,1489959,5006720000000000000
2016-05-10 03:34:45,1489487,5000000000000000000
2016-05-09 20:39:07,1487726,5005250000000000000
2016-05-09 19:36:02,1487456,5004261640000000000
2016-05-09 19:10:24,1487341,5007087080000000000
2016-05-09 09:57:14,1485060,5156670000000000000
2016-05-09 06:57:36,1484297,5002520000000000000
2016-05-09 06:44:34,1484244,5002310000000000000
2016-05-09 04:47:55,1483745,5000000000000000000
2016-05-08 22:14:23,1482096,5157511600000000000
2016-05-08 15:12:50,1480360,5000000000000000000
2016-05-08 13:45:37,1480000,5004544654193238250
2016-05-08 13:07:50,1479835,5000420000000000000
2016-05-08 06:06:09,1478040,5000840000000000000
2016-05-07 07:04:23,1472251,5000000000000000000
2016-05-07 05:49:04,1471942,5000420000000000000
2016-05-06 21:37:47,1469939,5002201949240000000
2016-05-06 21:23:27,1469878,5009110640000000000
2016-05-06 19:47:34,1469485,5000420000000000000
2016-05-06 19:35:42,1469432,5160083640000000000
2016-05-06 17:15:34,1468837,5158015911000000000
2016-05-06 12:15:15,1467546,5002948780000000000
2016-05-06 09:48:47,1466933,5000000000000000000
2016-05-06 07:27:02,1466323,5000420000000000000
2016-05-06 00:03:50,1464501,5000448460000000000
2016-05-05 21:36:22,1463890,5005106840000000000
2016-05-05 20:42:17,1463657,5000448460000000000
2016-05-05 16:14:11,1462524,5000840000000000000
2016-05-05 10:59:01,1461194,5004658000000000000
2016-05-05 09:36:06,1460842,5000000000000000000
2016-05-05 09:30:57,1460820,5000000000000000000
2016-05-05 08:29:16,1460550,5000000000000000000
2016-05-05 05:37:28,1459842,5000000000000000000
2016-05-05 04:57:55,1459663,5006807122562000000
2016-05-05 02:34:50,1459065,5019751720000000000
2016-05-04 16:15:46,1456484,5027537220000000000
2016-05-04 13:55:01,1455921,5000000000000000000
2016-05-04 11:28:49,1455287,5000000000000000000
2016-05-03 23:50:12,1452429,5000000000000000000
2016-05-03 19:01:41,1451194,5006051822000000000
2016-05-03 15:20:48,1450252,5000925911000000000
2016-05-03 11:23:11,1449244,5000000000000000000
2016-05-03 08:03:32,1448433,5006252654385047000
2016-05-03 00:52:04,1446631,5005476380000000000
2016-05-02 23:47:24,1446362,5157961500000000000
2016-05-02 21:05:50,1445666,5031082980000000000
2016-05-02 15:32:54,1444218,5156670000000000000
2016-05-02 04:09:11,1441330,5007181820000000000
2016-05-01 19:50:41,1439388,5156670000000000000
2016-05-01 17:12:08,1438703,5004410000000000000
2016-05-01 17:08:06,1438686,5001555911000000000
2016-05-01 12:16:13,1437497,5005746471110000000
2016-05-01 09:41:14,1436819,5002398700000000000
2016-05-01 06:44:18,1436106,5000000000000000000
2016-05-01 06:42:42,1436099,5000000000000000000
2016-05-01 04:00:57,1435411,5000000000000000000
2016-05-01 01:35:13,1434796,5041202194200000000
2016-04-30 19:12:46,1433194,5156250000000000000
2016-04-30 15:12:35,1432199,5007649613000000000
2016-04-30 08:50:08,1430563,5002100000000000000
2016-04-30 06:21:13,1429898,5159400000000000000
2016-04-30 06:14:05,1429865,5000000000000000000
2016-04-30 05:08:00,1429603,5000420000000000000
2016-04-30 01:24:28,1428682,5000000000000000000
2016-04-29 15:12:16,1426119,5007983120000000000
2016-04-29 06:11:52,1423850,5000840000000000000
2016-04-29 02:41:53,1422979,5008379220000000000
2016-04-29 00:56:35,1422548,5000420000000000000
2016-04-28 20:28:04,1421388,5000000000000000000
2016-04-28 14:41:45,1419937,5001890000000000000
2016-04-28 11:46:30,1419225,5000840000000000000
2016-04-28 10:00:23,1418771,5157090000000000000
2016-04-28 06:13:53,1417846,5001260000000000000
2016-04-28 06:03:50,1417809,5000000000000000000
2016-04-27 22:57:31,1416006,5000630000000000000
2016-04-27 07:55:46,1412189,5157090000000000000
2016-04-27 07:02:18,1411954,5167800000000000000
2016-04-27 06:24:43,1411795,5001492720368489000
2016-04-27 01:58:34,1410694,5156250000000000000
2016-04-27 01:23:04,1410532,5012180000000000000
2016-04-26 22:05:59,1409805,5000000000000000000
2016-04-26 20:44:21,1409450,5001260000000000000
2016-04-26 13:57:32,1407730,5002730000000000000
2016-04-26 12:57:19,1407464,5000420000000000000
2016-04-26 11:00:58,1407006,5017842880000000000
2016-04-26 10:38:16,1406902,5170450700000000000
2016-04-26 08:33:19,1406359,5009650520000000000
2016-04-26 08:20:08,1406299,5001681600000000000
2016-04-26 01:37:01,1404664,5000458000000000000
2016-04-26 00:44:38,1404448,5000000000000000000
2016-04-25 18:33:36,1402921,5001470000000000000
2016-04-25 16:22:43,1402371,5000000000000000000
2016-04-25 13:19:58,1401601,5000840000000000000
2016-04-25 10:59:50,1401027,5003002320000000000
2016-04-25 01:12:16,1398466,5005250000000000000
2016-04-24 22:40:24,1397839,5000000000000000000
2016-04-24 18:19:07,1396757,5156670000000000000
2016-04-24 13:32:05,1395557,5000420000000000000
2016-04-24 10:29:54,1394784,5158811120000000000
2016-04-24 08:46:43,1394362,5017220000000000000
2016-04-24 08:32:40,1394302,5156250000000000000
2016-04-24 06:53:48,1393888,5004200000000000000
2016-04-24 04:37:56,1393304,5013260800000000000
2016-04-24 04:13:42,1393223,5161406980000000000
2016-04-24 01:21:26,1392509,5156670000000000000
2016-04-23 14:40:50,1389842,5191674262311123000
2016-04-23 13:30:09,1389543,5000420000000000000
2016-04-23 11:40:29,1389088,5001365000000000000
2016-04-23 10:28:20,1388790,5002264880000000000
2016-04-23 02:05:55,1386672,5005865389184458000
2016-04-22 21:51:27,1385635,5000000000000000000
2016-04-22 07:19:54,1381900,5004223040000000000
2016-04-22 07:09:28,1381848,5002100000000000000
2016-04-21 20:27:13,1379243,5000840000000000000
2016-04-21 16:34:38,1378270,5000000000000000000
2016-04-21 14:16:54,1377698,5156670000000000000
2016-04-21 12:50:14,1377341,5002780700000000000
2016-04-21 11:10:26,1376944,5000840000000000000
2016-04-21 10:09:41,1376678,5003613680000000000
2016-04-21 09:16:24,1376457,5016555680000000000
2016-04-20 21:49:45,1373559,5001260000000000000
2016-04-20 19:33:18,1372988,5000840000000000000
2016-04-20 08:21:38,1370179,5157510000000000000
2016-04-20 07:58:48,1370093,5157930000000000000
2016-04-20 05:44:56,1369502,5000840000000000000
2016-04-20 05:04:03,1369333,5002520000000000000
2016-04-19 22:41:27,1367758,5000840000000000000
2016-04-19 16:57:03,1366290,5163416960000000000
2016-04-19 14:33:42,1365703,5156250000000000000
2016-04-19 10:44:35,1364703,5000420000000000000
2016-04-19 05:08:27,1363401,5314572580000000000
2016-04-18 18:46:14,1360745,5001260000000000000
2016-04-18 18:21:57,1360637,5164860000000000000
2016-04-18 14:27:35,1359687,5157090000000000000
2016-04-18 10:17:48,1358606,5003990000000000000
2016-04-18 09:46:48,1358487,5000000000000000000
2016-04-18 04:23:33,1357152,5001680000000000000
2016-04-17 21:07:38,1355317,5002159000000000000
2016-04-17 14:47:55,1353664,5156250000000000000
2016-04-17 08:25:42,1352064,5313340000000000000
2016-04-17 03:55:58,1350928,5002520000000000000
2016-04-17 03:51:54,1350907,5001050000000000000
2016-04-17 02:43:51,1350623,5004200000000000000
2016-04-17 00:59:14,1350221,5000000000000000000
2016-04-16 23:30:42,1349911,5000000000000000000
2016-04-16 18:48:56,1348751,5000000000000000000
2016-04-16 17:13:53,1348356,5000000000000000000
2016-04-16 11:28:38,1346892,5000420000000000000
2016-04-16 00:45:01,1344217,5157930000000000000
2016-04-16 00:03:39,1344007,5001680000000000000
2016-04-15 14:44:06,1341661,5002205000000000000
2016-04-15 10:18:45,1340539,5001260000000000000
2016-04-15 05:29:51,1339312,5000000000000000000
2016-04-15 04:05:39,1338961,5000000000000000000
2016-04-15 02:19:02,1338526,5000000000000000000
2016-04-14 23:15:43,1337752,5003360000000000000
2016-04-14 19:43:28,1336888,5156250000000000000
2016-04-14 13:55:37,1335410,5000000000000000000
2016-04-14 08:00:48,1333944,5000840000000000000
2016-04-14 04:56:30,1333209,5157548000000000000
2016-04-14 04:44:22,1333154,5001050000000000000
2016-04-14 02:14:54,1332516,5000420000000000000
2016-04-14 00:17:26,1331993,5000420000000000000
2016-04-13 20:48:37,1331142,5000000000000000000
2016-04-13 10:30:43,1328586,5000840000000000000
2016-04-13 07:39:26,1327848,5002730000000000000
2016-04-12 23:56:53,1325883,5321830940000000000
2016-04-12 18:41:57,1324601,5003780000000000000
2016-04-12 15:21:01,1323744,5157090000000000000
2016-04-12 12:30:48,1322994,5005460000000000000
2016-04-12 07:30:14,1321716,5015098540000000000
2016-04-11 20:06:17,1318964,5000000000000000000
2016-04-11 18:05:31,1318434,5001680000000000000
2016-04-11 17:21:17,1318245,5046044780000000000
2016-04-11 11:52:14,1316885,5157090000000000000
2016-04-11 06:22:24,1315500,5002100000000000000
2016-04-10 23:47:07,1313890,5001680000000000000
2016-04-10 17:50:15,1312395,5005199114200000000
2016-04-10 17:13:07,1312243,5002943740000000000
2016-04-10 06:25:50,1309501,5002100000000000000
2016-04-10 01:22:12,1308232,5000458000000000000
2016-04-09 21:52:57,1307339,5000000000000000000
2016-04-09 17:49:49,1306325,5001681600000000000
2016-04-09 10:17:08,1304522,5160450000000000000
2016-04-09 04:31:19,1303053,5012676520000000000
2016-04-09 04:30:53,1303051,5015176160000000000
2016-04-09 04:04:17,1302940,5000000000000000000
2016-04-09 03:33:40,1302804,5000000000000000000
2016-04-08 21:59:44,1301430,5000864320000000000
2016-04-08 18:14:55,1300476,5000840000000000000
2016-04-08 11:03:38,1298622,5157931520000000000
2016-04-08 08:39:01,1298036,5001723360000000000
2016-04-08 05:08:29,1297110,5001680000000000000
2016-04-08 05:04:29,1297090,5008820000000000000
2016-04-08 01:45:51,1296290,5000630000000000000
2016-04-07 21:20:58,1295146,5008450700000000000
2016-04-07 20:51:27,1295037,5164869960000000000
2016-04-07 20:16:07,1294896,5007140000000000000
2016-04-07 11:15:28,1292631,5000000000000000000
2016-04-06 18:57:13,1288621,5004350540000000000
2016-04-06 14:35:21,1287509,5157511520000000000
2016-04-06 13:25:32,1287211,5000420000000000000
2016-04-06 09:55:11,1286338,5157930000000000000
2016-04-06 04:43:24,1285078,5159975640000000000
2016-04-05 21:22:16,1283219,5001260000000000000
2016-04-05 21:11:25,1283175,5000000000000000000
2016-04-05 21:00:18,1283126,5000000000000000000
2016-04-05 20:31:16,1283000,5162167700000000000
2016-04-05 09:21:29,1280190,5156250000000000000
2016-04-05 07:47:07,1279799,5156250000000000000
2016-04-05 02:21:14,1278452,5001176882766874108
2016-04-04 21:03:53,1277111,5001680000000000000
2016-04-04 20:17:31,1276934,5003023380000000000
2016-04-04 04:11:51,1272877,5007075300000000000
2016-04-03 21:02:13,1271030,5000000000000000000
2016-04-03 20:36:34,1270908,5000000000000000000
2016-04-03 20:00:53,1270782,5250224460000000000
2016-04-03 19:10:31,1270577,5000420000000000000
2016-04-03 10:10:30,1268275,5001260000000000000
2016-04-03 09:41:58,1268150,5001260000000000000
2016-04-03 09:04:14,1267985,5003990000000000000
2016-04-03 05:21:22,1267102,5000420000000000000
2016-04-03 05:18:29,1267090,5000000000000000000
2016-04-02 22:44:16,1265425,5003780000000000000
2016-04-02 22:33:09,1265379,5001260000000000000
2016-04-02 13:21:21,1263051,5160870000000000000
2016-04-02 12:06:30,1262753,5001680000000000000
2016-04-02 11:39:04,1262625,5000420000000000000
2016-04-02 09:17:16,1262022,5000000000000000000
2016-04-02 02:03:37,1260255,5000476670289389000
2016-04-02 00:10:04,1259848,5000000000000000000
2016-04-01 15:47:53,1257689,5000000000000000000
2016-04-01 12:34:14,1256887,5000420000000000000
2016-04-01 12:08:55,1256780,5001260000000000000
2016-03-31 23:03:34,1253488,5000000000000000000
2016-03-31 21:20:02,1253064,5000000000000000000
2016-03-31 19:38:20,1252656,5003360000000000000
2016-03-31 18:06:53,1252302,5159533360000000000
2016-03-31 09:58:00,1250249,5002100000000000000
2016-03-31 08:59:27,1249997,5000420000000000000
2016-03-31 07:14:17,1249554,5000000000000000000
2016-03-31 06:53:20,1249453,5000000000000000000
2016-03-31 03:45:47,1248674,5000000000000000000
2016-03-31 02:54:08,1248463,5001260000000000000
2016-03-30 23:27:57,1247567,5001519184277200000
2016-03-30 22:19:04,1247282,5000420000000000000
2016-03-30 11:40:11,1244634,5012316740000000000
2016-03-30 10:06:27,1244237,5002422720000000000
2016-03-30 07:37:35,1243609,5018708460000000000
2016-03-30 06:11:53,1243232,5007654880000000000
2016-03-30 03:23:03,1242537,5000000000000000000
2016-03-30 02:48:37,1242367,5032044080000000000
2016-03-30 01:38:10,1242054,5006300000000000000
2016-03-28 22:39:22,1235286,5014912600000000000
2016-03-28 20:23:26,1234735,5002489236466200000
2016-03-28 18:24:55,1234212,5004980720000000000
2016-03-28 18:16:05,1234175,5001680000000000000
2016-03-28 17:01:04,1233859,5000840000000000000
2016-03-28 13:12:06,1232859,5001221818181801000
2016-03-28 09:00:15,1231775,5000420000000000000
2016-03-28 08:00:14,1231533,5007088910000000000
2016-03-28 06:16:09,1231096,5005624880000000000
2016-03-28 03:31:56,1230482,5001050000000000000
2016-03-28 01:40:34,1230069,5016197200000000000
2016-03-27 23:29:01,1229505,5015120000000000000
2016-03-27 23:27:23,1229497,5002520000000000000
2016-03-27 19:42:54,1228552,5000988160000000000
2016-03-27 15:19:23,1227381,5000630000000000000
2016-03-27 01:13:08,1223875,5000420000000000000
2016-03-26 18:58:52,1222280,5006970860000000000
2016-03-26 15:31:50,1221424,5000000000000000000
2016-03-26 13:10:07,1220815,5000420000000000000
2016-03-26 02:46:26,1218192,5003017200000000000
2016-03-26 01:35:42,1217882,5007950000000000000
2016-03-25 20:36:47,1216611,5313970000000000000
2016-03-25 17:11:52,1215797,5039243079510922664
2016-03-25 14:07:44,1215040,5005965255977987000
2016-03-25 11:03:02,1214252,5001260000000000000
2016-03-25 04:28:37,1212567,5002121000000000000
2016-03-25 01:31:04,1211806,5003030000000000000
2016-03-24 22:51:07,1211152,5008128000000000000
2016-03-24 20:04:13,1210425,5003103753547412000
2016-03-24 19:37:13,1210302,5000000000000000000
2016-03-24 19:07:24,1210175,5000420000000000000
2016-03-24 17:08:57,1209698,5000000000000000000
2016-03-24 14:03:28,1208903,5121192310272044233
2016-03-24 11:38:24,1208287,5000000000000000000
2016-03-24 11:24:29,1208216,5000441000000000000
2016-03-24 10:30:38,1207999,5003539940000000000
2016-03-24 08:11:37,1207422,5004200240000000000
2016-03-24 06:41:41,1207045,5000000000000000000
2016-03-24 05:03:09,1206621,5000840000000000000
2016-03-24 02:51:38,1206042,5015596740000000000
2016-03-24 02:26:23,1205932,5157300000000000000
2016-03-24 02:22:29,1205914,5055289620000000000
2016-03-23 22:32:22,1204953,5002940000000000000
2016-03-23 10:41:02,1201902,5000000000000000000
2016-03-23 09:26:29,1201595,5000420000000000000
2016-03-22 10:28:55,1195945,5001703460000000000
2016-03-22 08:46:51,1195522,5001890000000000000
2016-03-22 05:15:21,1194615,5000420000000000000
2016-03-22 04:06:17,1194317,5157510000000000000
2016-03-22 02:22:04,1193867,5159090000000000000
2016-03-22 01:47:29,1193733,5000000000000000000
2016-03-21 18:43:12,1191979,5000877320000000000
2016-03-21 15:19:21,1191123,5011571000000000000
2016-03-21 15:04:51,1191062,5000420000000000000
2016-03-21 11:47:05,1190265,5156250000000000000
2016-03-21 09:17:25,1189650,5156250000000000000
2016-03-18 07:10:06,1170906,5008765676000000000
2016-03-17 23:41:01,1169162,5000441000000000000
2016-03-17 02:36:56,1163787,5000840000000000000
2016-03-16 23:28:57,1162992,5005211818181801000
2016-03-16 21:16:11,1162446,5006322572000000000
2016-03-16 20:45:25,1162320,5012871060000000000
2016-03-16 12:43:42,1160316,5000840000000000000
2016-03-16 06:28:41,1158736,5003780000000000000
2016-03-16 06:02:54,1158611,5000000000000000000
2016-03-16 03:40:15,1158036,5000840000000000000
2016-03-16 03:29:42,1157987,5028012673710922664
2016-03-16 01:13:04,1157433,5000000000000000000
2016-03-16 00:01:25,1157126,5000840000000000000
2016-03-15 21:27:24,1156467,5000000000000000000
2016-03-15 19:21:42,1155935,5001260000000000000
2016-03-15 14:21:09,1154683,5158832380000000000
2016-03-15 10:28:03,1153650,5013440000000000000
2016-03-15 08:37:28,1153217,5000000000000000000
2016-03-15 02:15:56,1151663,5000000000000000000
2016-03-15 01:18:42,1151459,5001260000000000000
2016-03-15 00:48:56,1151337,5000840000000000000
2016-03-14 17:10:17,1149654,5009660000000000000
2016-03-14 16:15:05,1149454,5003951818181801000
2016-03-14 10:45:25,1148248,5005604192000000000
2016-03-14 08:52:40,1147830,5001680000000000000
2016-03-14 07:12:00,1147493,5003780000000000000
2016-03-14 06:51:07,1147407,5000420000000000000
2016-03-13 19:06:12,1144982,5000420000000000000
2016-03-13 14:08:22,1143846,5001260000000000000
2016-03-13 14:06:48,1143840,5005250000000000000
2016-03-13 11:49:01,1143336,5001050000000000000
2016-03-13 07:20:39,1142385,5162090992000000000
2016-03-13 03:54:35,1141643,5000000000000000000
2016-03-13 02:28:40,1141326,5001263200000000000
2016-03-12 23:05:54,1140653,5001260000000000000
2016-03-12 20:48:05,1140184,5004848520000000000
2016-03-12 20:27:13,1140123,5004464192000000000
2016-03-12 17:55:26,1139582,5007140000000000000
2016-03-12 13:35:46,1138680,5005460000000000000
2016-03-12 10:57:13,1138141,5002331000000000000
2016-03-12 09:17:33,1137770,5003272544000000000
2016-03-12 04:47:29,1136831,5000420000000000000
2016-03-12 03:58:34,1136665,5000420000000000000
2016-03-12 03:54:19,1136654,5000420000000000000
2016-03-12 03:28:23,1136574,5013276414200000000
2016-03-11 16:41:28,1134225,5010011802248373000
2016-03-11 16:29:53,1134191,5002022700000000000
2016-03-11 10:35:36,1132937,5005630992000000000
2016-03-10 23:19:28,1130585,5000420000000000000
2016-03-10 22:44:05,1130454,5001680000000000000
2016-03-10 22:35:45,1130426,5005880000000000000
2016-03-10 22:33:24,1130417,5001260000000000000
2016-03-10 16:33:53,1129117,5000630000000000000
2016-03-10 16:32:31,1129110,5005269244000000000
2016-03-10 15:11:32,1128824,5001890000000000000
2016-03-10 11:08:38,1127947,5000840000000000000
2016-03-10 09:57:47,1127688,5004835632000000000
2016-03-10 07:27:27,1127153,5002310000000000000
2016-02-19 12:58:45,1027795,5000000000000000000
2016-02-19 10:51:37,1027351,5008249600000000000
2016-02-19 10:01:11,1027182,5012910256000000000
2016-02-19 08:22:49,1026829,5024171988000000000
2016-02-19 07:28:34,1026622,5004200000000000000
2016-02-19 05:25:36,1026207,5006300000000000000
2016-02-19 04:17:13,1025982,5007140000000000000
2016-02-19 01:32:05,1025393,5157300000000000000
2016-02-19 00:11:39,1025122,5000000000000000000
2016-01-13 09:57:12,841240,5001260000000000000
2016-01-10 18:27:52,828060,5006804720000000000
2016-01-10 18:15:14,828019,5000000000000000000
2016-01-10 15:17:53,827364,5156250000000000000
2016-01-10 11:00:14,826463,5000000000000000000
2016-01-10 05:12:19,825302,5000000000000000000
2016-01-09 23:59:12,824160,5008267727999979000
2016-01-09 22:41:53,823867,5020312160000000000
2016-01-09 20:44:22,823468,5001050000000000000
2016-01-09 20:10:18,823353,5161296500000000000
2016-01-09 18:04:19,822894,5001050000000000000
2016-01-09 16:54:00,822634,5000000000000000000
2016-01-09 15:30:11,822343,5020717730000000000
2016-01-09 09:56:41,821170,5003268616000000000
2016-01-09 07:25:01,820601,5010745192000000000
2016-01-09 05:44:11,820239,5000000000000000000
2016-01-09 04:49:14,820036,5002100000000000000
2016-01-09 03:44:56,819791,5001260000000000000
2016-01-09 03:22:56,819719,5000000000000000000
2016-01-09 00:54:38,819242,5003150000000000000
2016-01-09 00:46:06,819214,5001050000000000000
2016-01-08 20:59:07,818404,5156250000000000000
2016-01-08 19:10:04,818036,5001050000000000000
2016-01-08 17:28:32,817657,5015982768000000000
2016-01-08 16:58:35,817539,5001050000000000000
2016-01-08 14:03:18,816956,5000000000000000000
2016-01-08 13:51:29,816905,5156250000000000000
2016-01-08 13:48:23,816893,5016503464000000000
2016-01-08 13:08:24,816743,5015421100000000000
2016-01-08 11:32:48,816370,5018262200000000000
2016-01-08 04:53:17,814929,5016536828000000000
2016-01-08 01:45:37,814244,5000000000000000000
2016-01-07 21:07:40,813277,5013734000000000000
2016-01-07 18:53:44,812803,5007074720000000000
2016-01-07 16:57:47,812374,5007078048000000000
2016-01-07 16:46:45,812330,5000000000000000000
2016-01-07 16:31:32,812265,5019429586000000000
2016-01-07 16:17:59,812217,5033864048000000000
2016-01-07 16:14:49,812204,5000000000000000000
2016-01-07 13:48:29,811680,5062711059611227944
2016-01-07 12:37:29,811448,5001905436000000000
2016-01-07 08:30:34,810617,5006010576000000000
2016-01-07 08:05:13,810538,5000000000000000000
2016-01-07 04:52:29,809936,5000000000000000000
2016-01-07 00:54:31,809102,5153387706072340000
2016-01-07 00:15:10,808957,5154611789192470000
2016-01-06 23:12:14,808737,5000000000000000000
2016-01-06 21:50:38,808450,5001050000000000000
2016-01-06 20:19:13,808136,5011610612000000000
2016-01-06 20:16:05,808128,5000000000000000000
2016-01-06 13:30:42,806653,5003150000000000000
2016-01-06 13:27:39,806638,5157510000000000000
2016-01-06 11:44:26,806240,5008820000000000000
2016-01-06 09:45:28,805784,5011537840000000000
2016-01-06 09:36:11,805754,5000000000000000000
2016-01-06 08:20:39,805493,5001050000000000000
2016-01-06 07:49:34,805366,5020430400000000000
2016-01-06 07:42:30,805334,5001050000000000000
2016-01-06 06:03:29,805011,5031172264000000000
2016-01-06 03:46:00,804550,5009695192000000000
2016-01-06 03:35:26,804518,5030128920000000000
2016-01-06 02:53:02,804381,5000000000000000000
2016-01-06 02:38:40,804327,5000000000000000000
2016-01-06 01:09:28,804019,5009695192000000000
2016-01-06 00:49:38,803970,5009691864000000000
2016-01-05 20:12:49,803024,5053815520000000000
2016-01-05 19:03:58,802755,5009695192000000000
2016-01-05 18:58:28,802732,5009695192000000000
2016-01-05 17:12:20,802395,5001050000000000000
2016-01-05 16:51:55,802305,5009695192000000000
2016-01-05 11:14:29,801096,5003589050000000000
2016-01-05 09:17:29,800647,5000000000000000000
2016-01-05 07:54:31,800362,5001050000000000000
2016-01-05 07:23:11,800263,5001050000000000000
2016-01-05 07:02:28,800193,5000000000000000000
2016-01-05 04:23:02,799640,5000000000000000000
2016-01-05 03:03:27,799337,5001050000000000000
2016-01-05 01:24:24,799008,5000000000000000000
2016-01-05 00:37:22,798822,5159400000000000000
2016-01-04 22:20:10,798346,5000000000000000000
2016-01-04 21:42:50,798218,5000000000000000000
2016-01-04 21:19:54,798137,5002520000000000000
2016-01-04 20:31:08,797967,5000000000000000000
2016-01-04 19:32:25,797752,5000000000000000000
2016-01-04 16:41:07,797131,5010478744000000000
2016-01-04 08:07:13,795306,5000000000000000000
2016-01-04 07:23:54,795150,5003892060000000000
2016-01-04 06:23:15,794931,5001050000000000000
2016-01-04 04:15:58,794502,5000000000000000000
2016-01-04 01:59:01,793998,5000000000000000000
2016-01-03 21:41:01,793096,5005880000000000000
2016-01-03 14:11:58,791482,5000000000000000000
2016-01-03 13:49:54,791401,5000000000000000000
2016-01-03 11:26:01,790884,5007078048000000000
2016-01-03 10:02:53,790603,5045391424000000000
2016-01-03 08:52:17,790375,5010745192000000000
2016-01-03 06:03:49,789753,5000000000000000000
2016-01-03 05:29:32,789613,5000000000000000000
2016-01-03 05:06:19,789515,5001050000000000000
2016-01-03 02:36:54,789008,5000000000000000000
2016-01-03 02:32:25,788990,5000000000000000000
2016-01-03 02:26:00,788969,5009695192000000000
2016-01-03 00:48:26,788639,5000000000000000000
2016-01-02 23:59:11,788462,5001050000000000000
2016-01-02 23:30:58,788364,5010080000000000000
2016-01-02 21:33:00,787919,5000000000000000000
2016-01-02 20:42:26,787757,5003570000000000000
2016-01-02 20:35:19,787732,5002100000000000000
2016-01-02 20:24:28,787685,5001050000000000000
2016-01-02 17:52:32,787145,5000000000000000000
2016-01-02 15:28:44,786631,5009688760000000000
2016-01-02 15:08:53,786566,5000000000000000000
2016-01-02 12:38:45,786042,5163584512000000000
2016-01-02 12:36:37,786031,5000000000000000000
2016-01-02 08:10:31,785074,5000000000000000000
2016-01-02 00:29:53,783471,5000000000000000000
2016-01-01 21:37:52,782896,5001050000000000000
2016-01-01 20:38:23,782724,5004337788000000000
2016-01-01 20:34:33,782714,5016666112000000000
2016-01-01 19:40:32,782526,5001050000000000000
2016-01-01 12:41:15,781062,5006024720000000000
2016-01-01 11:25:40,780795,5000000000000000000
2016-01-01 11:11:04,780753,5000000000000000000
2015-12-31 17:02:57,777057,5007074720000000000
2015-12-31 16:34:11,776932,5157300000000000000
2015-12-31 15:08:06,776593,5001050000000000000
2015-12-31 14:49:47,776528,5002520000000000000
2015-12-31 13:40:48,776273,5173803464000000000
2015-12-31 12:11:24,775960,5004280955306747000
2015-12-31 10:24:10,775608,5000000000000000000
2015-12-31 08:09:39,775143,5173803464000000000
2015-12-31 07:59:05,775107,5007078048000000000
2015-12-31 07:44:50,775061,5000000000000000000
2015-12-31 06:19:44,774769,5000000000000000000
2015-12-31 02:26:02,773944,5046352151500000000
2015-12-30 23:08:14,773271,5156250000000000000
2015-12-30 23:07:19,773266,5000000000000000000
2015-12-30 22:59:20,773238,5000000000000000000
2015-12-30 20:40:08,772721,5001050000000000000
2015-12-30 20:21:34,772659,5000000000000000000
2015-12-30 20:09:40,772610,5008121168000000000
2015-12-30 19:09:32,772376,5001050000000000000
2015-12-30 18:44:39,772299,5010208744000000000
2015-12-30 18:42:37,772294,5001050000000000000
2015-12-30 16:41:24,771846,5001583100000000000
2015-12-30 16:24:16,771782,5035675816000000000
2015-12-30 16:05:56,771726,5005670808000000000
2015-12-30 14:44:57,771437,5157300000000000000
2015-12-30 13:23:41,771137,5000000000000000000
2015-12-30 12:52:01,771016,5017509818000000000
2015-12-30 11:44:40,770801,5001689058412370000
2015-12-30 10:31:54,770581,5007858048000000000
2015-12-30 10:19:16,770544,5001174148931060000
2015-12-26 04:07:06,749140,5001050000000000000
2015-12-26 02:15:51,748770,5000000000000000000
2015-12-26 01:33:05,748629,5012180000000000000
2015-12-25 23:41:34,748263,5001050000000000000
2015-12-25 21:36:40,747823,5001050000000000000
2015-12-25 21:14:55,747744,5000000000000000000
2015-12-25 19:49:46,747450,5000000000000000000
2015-12-25 19:34:14,747401,5001050000000000000
2015-12-25 18:43:41,747217,5003150000000000000
2015-12-25 18:17:19,747113,5009424528000000000
2015-12-25 14:51:07,746368,5046501600000000000
2015-12-25 09:45:45,745301,5002100000000000000
2015-12-25 07:47:38,744892,5001050000000000000
2015-12-25 07:39:47,744869,5003895388000000000
2015-12-25 06:42:44,744654,5000000000000000000
2015-12-25 04:26:49,744162,5001050000000000000
2015-12-25 01:45:44,743600,5001050000000000000
2015-12-25 01:22:12,743525,5003780000000000000
2015-12-25 00:32:09,743365,5006930000000000000
2015-12-24 22:09:04,742862,5029043728000000000
2015-12-24 21:05:22,742644,5156695192000000000
2015-12-24 17:37:02,741911,5156250000000000000
2015-12-24 17:36:11,741907,5002100000000000000
2015-12-24 16:58:20,741788,5006040800000000000
2015-12-24 16:14:35,741631,5000000000000000000
2015-12-24 14:55:30,741349,5003150000000000000
2015-12-22 10:57:44,730340,5010745192000000000
2015-12-22 10:11:42,730188,5000000000000000000
2015-12-22 09:49:30,730103,5000000000000000000
2015-12-22 09:17:19,729985,5070285804000000000
2015-12-22 08:21:28,729782,5009688536000000000
2015-12-22 07:29:10,729586,5000000000000000000
2015-12-22 06:49:32,729441,5007560000000000000
2015-12-22 05:44:59,729195,5012610000000000000
2015-12-22 04:57:19,729043,5156250000000000000
2015-12-22 04:34:21,728969,5000000000000000000
2015-12-22 03:10:07,728660,5003150000000000000
2015-12-22 01:22:16,728294,5002100000000000000
2015-12-22 01:11:21,728257,5156250000000000000
2015-12-21 22:09:51,727604,5009691864000000000
2015-12-21 19:08:16,726942,5000000000000000000
2015-12-21 19:01:31,726916,5000000000000000000
2015-12-21 18:53:15,726885,5000000000000000000
2015-12-21 16:34:32,726396,5000000000000000000
2015-12-21 15:58:58,726263,5157300000000000000
2015-12-21 14:49:01,725999,5000000000000000000
2015-12-21 13:57:49,725823,5010563200000000000
2015-12-21 12:08:44,725441,5162668100000000000
2015-12-21 11:57:35,725409,5156250000000000000
2015-12-21 11:15:41,725266,5009446400000000000
2015-12-21 08:34:33,724732,5009695192000000000
2015-12-21 08:32:03,724718,5003017200000000000
2015-12-21 06:40:12,724351,5000000000000000000
2015-12-21 03:14:07,723676,5002100000000000000
2015-12-21 01:18:17,723279,5002100000000000000
2015-12-20 23:57:13,723007,5001050000000000000
2015-12-20 23:34:02,722921,5158350000000000000
2015-12-20 23:29:15,722905,5000000000000000000
2015-12-20 23:09:49,722843,5000000000000000000
2015-12-20 21:25:30,722496,5003150000000000000
2015-12-20 21:15:31,722456,5000000000000000000
2015-12-20 17:55:26,721702,5023718568000000000
2015-12-15 15:42:48,696236,5000000000000000000
2015-12-15 15:35:04,696207,5000000000000000000
2015-12-15 15:33:11,696196,5009685208000000000
2015-12-15 13:18:32,695709,5005324640000000000
2015-12-15 11:39:44,695375,5001050000000000000
2015-12-15 11:24:11,695319,5029085576000000000
2015-12-15 10:26:26,695113,5156250000000000000
2015-12-15 08:41:17,694747,5019390384000000000
2015-12-15 08:39:12,694738,5166995192000000000
2015-12-15 07:02:17,694418,5019387056000000000
2015-12-15 05:31:28,694110,5156250000000000000
2015-12-15 05:18:32,694056,5048475960000000000
2015-12-15 05:08:41,694019,5019383728000000000
2015-12-15 04:58:34,693983,5000000000000000000
2015-12-15 04:35:23,693892,5000000000000000000
2015-12-15 03:42:51,693699,5011130000000000000
2015-12-15 02:49:09,693505,5157300000000000000
2015-12-15 02:16:40,693379,5000000000000000000
2015-12-15 00:41:12,693055,5001050000000000000
2015-12-15 00:22:58,692994,5012839042000000000
2015-12-15 00:18:01,692970,5000000000000000000
2015-12-15 00:14:56,692957,5010745192000000000
2015-12-14 23:11:53,692734,5000000000000000000
2015-12-14 22:42:29,692631,5002520000000000000
2015-12-14 21:59:10,692477,5000000000000000000
2015-12-14 21:57:22,692472,5001050000000000000
2015-12-14 20:52:27,692229,5195024112000000000
2015-12-14 20:50:27,692224,5000000000000000000
2015-12-14 18:29:34,691734,5041300768000000000
2015-12-14 18:17:13,691693,5034011588000000000
2015-11-26 15:11:36,600109,5001050000000000000
2015-11-22 17:22:54,580538,5000000000000000000
2015-11-22 16:06:31,580255,5001050000000000000
2015-11-22 15:18:09,580084,5000000000000000000
2015-11-22 13:37:44,579744,5004830000000000000
2015-11-22 10:58:50,579214,5159820000000000000
2015-11-22 08:49:16,578742,5003570000000000000
2015-11-22 08:30:22,578683,5004796050000000000
2015-11-22 08:08:44,578603,5000000000000000000
2015-11-22 06:26:45,578270,5000000000000000000
2015-11-22 05:22:15,578035,5001050000000000000
2015-11-22 03:58:14,577719,5000000000000000000
2015-11-22 02:08:37,577311,5000000000000000000
2015-11-22 01:51:07,577252,5002520000000000000
2015-11-22 01:26:49,577174,5001050000000000000
2015-11-22 00:13:30,576931,5001050000000000000
2015-11-21 23:39:10,576798,5000000000000000000
2015-11-21 21:00:33,576271,5004796050000000000
2015-11-21 18:39:24,575765,5000000000000000000
2015-11-21 17:17:56,575473,5000000000000000000
2015-11-21 17:07:17,575435,5000000000000000000
2015-11-21 16:06:18,575236,5001050000000000000
2015-11-21 14:48:34,574947,5000000000000000000
2015-11-21 14:43:14,574932,5001050000000000000
2015-11-21 14:23:31,574866,5001050000000000000
2015-11-21 13:59:25,574782,5000000000000000000
2015-11-21 09:32:04,573828,5001050000000000000
2015-11-21 09:30:23,573822,5019418560000000000
2015-11-21 09:16:25,573778,5003780000000000000
2015-11-21 09:06:06,573741,5137550000000000000
2015-11-21 04:59:47,572889,5000000000000000000
2015-11-21 01:01:35,572065,5001260000000000000
2015-11-20 22:29:32,571540,5000000000000000000
2015-11-20 19:47:38,570991,5000000000000000000
2015-11-20 18:05:59,570646,5001050000000000000
2015-11-20 17:15:52,570475,5000000000000000000
2015-11-20 17:06:11,570444,5000000000000000000
2015-11-20 15:47:54,570182,5157300000000000000
2015-11-11 13:53:33,524179,5157300000000000000
2015-11-11 12:32:00,523901,5007994070000000000
2015-11-11 11:00:49,523591,5003172350000000000
2015-11-11 10:20:08,523443,5007755650000000000
2015-11-11 09:58:05,523355,5002692650000000000
2015-11-11 09:08:31,523199,5002100000000000000
2015-11-11 05:49:01,522499,5004255080000000000
2015-11-11 01:18:06,521583,5000000000000000000
2015-11-11 00:27:05,521423,5003150000000000000
2015-11-10 22:51:18,521084,5004237727552982000
2015-11-10 20:54:35,520652,5005316960000000000
2015-11-10 20:50:47,520642,5000000000000000000
2015-11-10 19:08:57,520285,5002100000000000000
2015-11-10 16:07:17,519627,5031500000000000000
2015-11-10 15:42:11,519541,5001050000000000000
2015-11-10 12:34:10,518871,5002100000000000000
2015-11-09 11:48:03,513677,5000000000000000000
2015-11-09 10:47:44,513439,5003150000000000000
2015-11-09 10:24:03,513356,5156250000000000000
2015-11-09 09:41:20,513210,5008400000000000000
2015-11-09 08:20:40,512920,5000000000000000000
2015-11-09 03:18:08,511910,5001050000000000000
2015-11-09 02:46:23,511791,5001050000000000000
2015-11-09 02:25:08,511719,5158350000000000000
2015-11-09 00:31:39,511354,5157300000000000000
2015-11-08 22:59:06,511030,5063098700000000000
2015-11-08 21:21:35,510711,5059955100000000000
2015-11-07 16:12:30,504583,5002100000000000000
2015-11-07 10:49:58,503436,5000000000000000000
2015-11-07 07:44:48,502861,5156250000000000000
2015-11-07 07:13:22,502742,5157527100000000000
2015-11-07 06:47:11,502651,5005319300000000000
2015-11-07 03:00:22,501924,5000000000000000000
2015-11-07 02:49:02,501879,5156250000000000000
2015-11-07 01:02:29,501513,5000000000000000000
2015-11-06 22:47:18,501045,5005418500000000000
2015-11-06 21:02:57,500649,5156450000000000000
2015-11-06 19:42:53,500324,5000000000000000000
2015-11-06 18:22:08,500072,5000000000000000000
2015-11-06 15:06:14,499383,5001050000000000000
2015-11-06 13:59:12,499140,5002100000000000000
2015-11-06 13:32:59,499041,5000000000000000000
2015-11-06 09:52:05,498250,5016800000000000000
2015-11-06 06:57:36,497660,5001050000000000000
2015-11-06 03:07:42,496789,5000000000000000000
2015-11-06 02:28:46,496675,5001050000000000000
2015-11-06 02:08:35,496602,5000000000000000000
2015-11-06 01:35:06,496487,5002100000000000000
2015-11-06 00:15:02,496215,5000000000000000000
2015-11-05 22:55:49,495951,5004200000000000000
2015-11-05 22:01:24,495758,5021000000000000000
2015-11-05 17:21:07,494739,5000000000000000000
2015-11-05 16:32:15,494561,5001050000000000000
2015-11-05 16:18:24,494506,5004530000000000000
2015-11-05 16:03:53,494453,5035700000000000000
2015-11-05 15:22:28,494291,5001050000000000000
2015-11-05 11:51:02,493485,5000000000000000000
2015-11-05 11:30:37,493411,5000000000000000000
2015-11-05 09:41:08,493030,5000000000000000000
2015-11-05 08:12:25,492705,5158350000000000000
2015-11-04 05:15:23,487095,5001050000000000000
2015-11-04 04:09:13,486836,5158350000000000000
2015-11-04 03:17:15,486636,5000000000000000000
2015-11-03 22:01:29,485521,5005272350000000000
2015-11-03 21:09:01,485348,5006544613695263000
2015-11-03 20:48:09,485270,5002100000000000000
2015-11-03 20:36:29,485223,5001050000000000000
2015-11-03 20:22:10,485161,5000000000000000000
2015-11-02 06:27:22,477196,5000000000000000000
2015-11-02 04:38:59,476816,5156250000000000000
2015-11-02 03:36:52,476613,5004200000000000000
2015-11-02 03:13:51,476530,5000000000000000000
2015-11-02 02:38:28,476393,5001050000000000000
2015-11-02 02:28:08,476357,5000000000000000000
2015-11-02 01:11:01,476082,5002100000000000000
2015-11-02 00:55:03,476024,5000000000000000000
2015-11-01 23:19:34,475677,5158350000000000000
2015-11-01 21:11:39,475230,5000000000000000000
2015-11-01 16:28:58,474197,5004200000000000000
2015-11-01 16:03:10,474108,5007279550000000000
2015-11-01 16:01:23,474102,5000000000000000000
2015-11-01 14:14:49,473721,5002100000000000000
2015-11-01 13:31:04,473565,5000000000000000000
2015-11-01 13:27:16,473553,5000000000000000000
2015-11-01 13:15:35,473505,5004200000000000000
2015-11-01 11:55:41,473218,5001050000000000000
2015-11-01 09:40:28,472756,5001050000000000000
2015-09-30 17:49:40,313325,5006300000000000000
2015-09-30 17:38:07,313288,5000000000000000000
2015-08-12 11:24:56,74007,5000000000000000000
2015-08-12 07:40:37,73221,5000000000000000000
2015-08-12 06:41:36,73007,5000000000000000000
2015-08-12 04:59:08,72615,5000000000000000000
2015-08-12 04:58:03,72612,5000000000000000000
2015-08-12 03:37:03,72301,5000000000000000000
2015-08-12 03:36:20,72297,5000000000000000000
2015-08-12 03:35:18,72294,5000000000000000000
2015-08-12 03:30:34,72276,5156250000000000000
2015-08-12 03:16:57,72230,5005330117058987756
2015-08-12 01:32:36,71866,5002604310523383338
2015-08-12 01:02:28,71752,5000000000000000000
2015-08-12 00:37:55,71670,5002195489280651490
2015-08-11 23:44:32,71474,5002177166485497856
2015-08-11 23:09:56,71354,5003745840246645049
2015-08-11 22:12:55,71122,5001201802234451000
2015-08-11 20:45:27,70814,5002303466974760000
2015-08-11 20:12:34,70690,5000000000000000000
2015-08-11 19:50:08,70606,5001164799033398000
